스테이지,매치,일시,맵,순위,팀,킬,딜량,순위 점수,획득 점수
Winners Stage,1,26. 5. 21. AM 10:00,ERANGEL,1,Team Falcons,5,1640,10,15
Winners Stage,1,26. 5. 21. AM 10:00,ERANGEL,2,PeRo,7,1882,6,13
Winners Stage,1,26. 5. 21. AM 10:00,ERANGEL,4,17 Gaming,8,1294,4,12
Winners Stage,1,26. 5. 21. AM 10:00,ERANGEL,3,S2G,5,1168,5,10
Winners Stage,1,26. 5. 21. AM 10:00,ERANGEL,5,Made in Thailand,3,559,3,6
Winners Stage,1,26. 5. 21. AM 10:00,ERANGEL,9,TL,5,1211,0,5
Winners Stage,1,26. 5. 21. AM 10:00,ERANGEL,10,FUR,5,626,0,5
Winners Stage,1,26. 5. 21. AM 10:00,ERANGEL,11,Full Sense,5,684,0,5
Winners Stage,1,26. 5. 21. AM 10:00,ERANGEL,12,Virtus.pro,5,952,0,5
Winners Stage,1,26. 5. 21. AM 10:00,ERANGEL,6,DN SOOPers,2,691,2,4
Winners Stage,1,26. 5. 21. AM 10:00,ERANGEL,7,T1,1,565,1,2
Winners Stage,1,26. 5. 21. AM 10:00,ERANGEL,13,GAM X TE,2,615,0,2
Winners Stage,1,26. 5. 21. AM 10:00,ERANGEL,14,CR,2,399,0,2
Winners Stage,1,26. 5. 21. AM 10:00,ERANGEL,8,4AM,0,164,1,1
Winners Stage,1,26. 5. 21. AM 10:00,ERANGEL,15,GEN,1,226,0,1
Winners Stage,1,26. 5. 21. AM 10:00,ERANGEL,16,Twisted Minds,1,273,0,1
Winners Stage,2,26. 5. 21. AM 10:42,MIRAMAR,1,4AM,10,1438,10,20
Winners Stage,2,26. 5. 21. AM 10:42,MIRAMAR,3,Virtus.pro,7,1228,5,12
Winners Stage,2,26. 5. 21. AM 10:42,MIRAMAR,2,T1,4,778,6,10
Winners Stage,2,26. 5. 21. AM 10:42,MIRAMAR,5,DN SOOPers,6,965,3,9
Winners Stage,2,26. 5. 21. AM 10:42,MIRAMAR,6,GAM X TE,6,1327,2,8
Winners Stage,2,26. 5. 21. AM 10:42,MIRAMAR,4,CR,2,217,4,6
Winners Stage,2,26. 5. 21. AM 10:42,MIRAMAR,7,FUR,4,621,1,5
Winners Stage,2,26. 5. 21. AM 10:42,MIRAMAR,8,Team Falcons,4,2206,1,5
Winners Stage,2,26. 5. 21. AM 10:42,MIRAMAR,11,GEN,4,394,0,4
Winners Stage,2,26. 5. 21. AM 10:42,MIRAMAR,10,Twisted Minds,3,784,0,3
Winners Stage,2,26. 5. 21. AM 10:42,MIRAMAR,13,Full Sense,3,520,0,3
Winners Stage,2,26. 5. 21. AM 10:42,MIRAMAR,9,17 Gaming,2,709,0,2
Winners Stage,2,26. 5. 21. AM 10:42,MIRAMAR,14,S2G,2,423,0,2
Winners Stage,2,26. 5. 21. AM 10:42,MIRAMAR,12,TL,1,346,0,1
Winners Stage,2,26. 5. 21. AM 10:42,MIRAMAR,15,Made in Thailand,1,253,0,1
Winners Stage,2,26. 5. 21. AM 10:42,MIRAMAR,16,PeRo,1,180,0,1
Winners Stage,3,26. 5. 21. AM 11:26,TAEGO,1,CR,10,1529,10,20
Winners Stage,3,26. 5. 21. AM 11:26,TAEGO,2,FUR,7,1047,6,13
Winners Stage,3,26. 5. 21. AM 11:26,TAEGO,5,Virtus.pro,7,1237,3,10
Winners Stage,3,26. 5. 21. AM 11:26,TAEGO,9,Twisted Minds,10,1236,0,10
Winners Stage,3,26. 5. 21. AM 11:26,TAEGO,3,GAM X TE,2,714,5,7
Winners Stage,3,26. 5. 21. AM 11:26,TAEGO,6,TL,5,1017,2,7
Winners Stage,3,26. 5. 21. AM 11:26,TAEGO,7,Made in Thailand,6,829,1,7
Winners Stage,3,26. 5. 21. AM 11:26,TAEGO,4,17 Gaming,1,212,4,5
Winners Stage,3,26. 5. 21. AM 11:26,TAEGO,12,Team Falcons,5,606,0,5
Winners Stage,3,26. 5. 21. AM 11:26,TAEGO,8,GEN,3,1121,1,4
Winners Stage,3,26. 5. 21. AM 11:26,TAEGO,11,Full Sense,3,743,0,3
Winners Stage,3,26. 5. 21. AM 11:26,TAEGO,10,T1,2,498,0,2
Winners Stage,3,26. 5. 21. AM 11:26,TAEGO,13,PeRo,2,510,0,2
Winners Stage,3,26. 5. 21. AM 11:26,TAEGO,16,S2G,1,197,0,1
Winners Stage,3,26. 5. 21. AM 11:26,TAEGO,14,4AM,0,220,0,0
Winners Stage,3,26. 5. 21. AM 11:26,TAEGO,15,DN SOOPers,0,95,0,0
Winners Stage,4,26. 5. 21. PM 12:07,RONDO,2,DN SOOPers,11,2029,6,17
Winners Stage,4,26. 5. 21. PM 12:07,RONDO,1,Team Falcons,5,1105,10,15
Winners Stage,4,26. 5. 21. PM 12:07,RONDO,4,TL,9,905,4,13
Winners Stage,4,26. 5. 21. PM 12:07,RONDO,5,CR,8,998,3,11
Winners Stage,4,26. 5. 21. PM 12:07,RONDO,3,Made in Thailand,3,436,5,8
Winners Stage,4,26. 5. 21. PM 12:07,RONDO,6,PeRo,5,764,2,7
Winners Stage,4,26. 5. 21. PM 12:07,RONDO,11,FUR,6,716,0,6
Winners Stage,4,26. 5. 21. PM 12:07,RONDO,7,Twisted Minds,4,580,1,5
Winners Stage,4,26. 5. 21. PM 12:07,RONDO,10,GAM X TE,4,523,0,4
Winners Stage,4,26. 5. 21. PM 12:07,RONDO,9,Virtus.pro,2,343,0,2
Winners Stage,4,26. 5. 21. PM 12:07,RONDO,14,Full Sense,2,1182,0,2
Winners Stage,4,26. 5. 21. PM 12:07,RONDO,8,T1,0,1245,1,1
Winners Stage,4,26. 5. 21. PM 12:07,RONDO,15,S2G,1,403,0,1
Winners Stage,4,26. 5. 21. PM 12:07,RONDO,16,GEN,1,303,0,1
Winners Stage,4,26. 5. 21. PM 12:07,RONDO,12,4AM,0,179,0,0
Winners Stage,4,26. 5. 21. PM 12:07,RONDO,13,17 Gaming,0,22,0,0
Winners Stage,5,26. 5. 21. PM 12:52,ERANGEL,1,Twisted Minds,19,2258,10,29
Winners Stage,5,26. 5. 21. PM 12:52,ERANGEL,2,Team Falcons,8,1809,6,14
Winners Stage,5,26. 5. 21. PM 12:52,ERANGEL,3,GAM X TE,8,1490,5,13
Winners Stage,5,26. 5. 21. PM 12:52,ERANGEL,4,PeRo,4,962,4,8
Winners Stage,5,26. 5. 21. PM 12:52,ERANGEL,5,T1,4,725,3,7
Winners Stage,5,26. 5. 21. PM 12:52,ERANGEL,6,FUR,3,857,2,5
Winners Stage,5,26. 5. 21. PM 12:52,ERANGEL,13,DN SOOPers,4,800,0,4
Winners Stage,5,26. 5. 21. PM 12:52,ERANGEL,9,TL,3,217,0,3
Winners Stage,5,26. 5. 21. PM 12:52,ERANGEL,10,S2G,3,522,0,3
Winners Stage,5,26. 5. 21. PM 12:52,ERANGEL,7,Made in Thailand,1,514,1,2
Winners Stage,5,26. 5. 21. PM 12:52,ERANGEL,14,Virtus.pro,2,403,0,2
Winners Stage,5,26. 5. 21. PM 12:52,ERANGEL,8,GEN,0,535,1,1
Winners Stage,5,26. 5. 21. PM 12:52,ERANGEL,12,4AM,1,226,0,1
Winners Stage,5,26. 5. 21. PM 12:52,ERANGEL,11,Full Sense,0,164,0,0
Winners Stage,5,26. 5. 21. PM 12:52,ERANGEL,15,17 Gaming,0,400,0,0
Winners Stage,5,26. 5. 21. PM 12:52,ERANGEL,16,CR,0,0,0,0
Survival Stage,6,26. 5. 22. AM 10:00,ERANGEL,1,T1,17,1875,10,27
Survival Stage,6,26. 5. 22. AM 10:00,ERANGEL,2,4AM,12,1188,6,18
Survival Stage,6,26. 5. 22. AM 10:00,ERANGEL,4,Made in Thailand,6,1345,4,10
Survival Stage,6,26. 5. 22. AM 10:00,ERANGEL,5,EA,5,1296,3,8
Survival Stage,6,26. 5. 22. AM 10:00,ERANGEL,3,Anyone's Legend,1,778,5,6
Survival Stage,6,26. 5. 22. AM 10:00,ERANGEL,6,Full Sense,4,645,2,6
Survival Stage,6,26. 5. 22. AM 10:00,ERANGEL,10,FCE,5,961,0,5
Survival Stage,6,26. 5. 22. AM 10:00,ERANGEL,7,S2G,2,409,1,3
Survival Stage,6,26. 5. 22. AM 10:00,ERANGEL,11,TL,3,428,0,3
Survival Stage,6,26. 5. 22. AM 10:00,ERANGEL,8,17 Gaming,0,832,1,1
Survival Stage,6,26. 5. 22. AM 10:00,ERANGEL,9,JD Gaming,1,392,0,1
Survival Stage,6,26. 5. 22. AM 10:00,ERANGEL,14,Team Vitality,1,349,0,1
Survival Stage,6,26. 5. 22. AM 10:00,ERANGEL,15,T5,1,356,0,1
Survival Stage,6,26. 5. 22. AM 10:00,ERANGEL,16,GEN,1,273,0,1
Survival Stage,6,26. 5. 22. AM 10:00,ERANGEL,12,CTG,0,343,0,0
Survival Stage,6,26. 5. 22. AM 10:00,ERANGEL,13,NAVI,0,559,0,0
Survival Stage,7,26. 5. 22. AM 10:42,MIRAMAR,1,NAVI,8,1727,10,18
Survival Stage,7,26. 5. 22. AM 10:42,MIRAMAR,2,GEN,5,1460,6,11
Survival Stage,7,26. 5. 22. AM 10:42,MIRAMAR,3,FCE,6,1262,5,11
Survival Stage,7,26. 5. 22. AM 10:42,MIRAMAR,5,17 Gaming,5,960,3,8
Survival Stage,7,26. 5. 22. AM 10:42,MIRAMAR,4,Made in Thailand,2,510,4,6
Survival Stage,7,26. 5. 22. AM 10:42,MIRAMAR,7,Team Vitality,5,1587,1,6
Survival Stage,7,26. 5. 22. AM 10:42,MIRAMAR,11,T1,5,771,0,5
Survival Stage,7,26. 5. 22. AM 10:42,MIRAMAR,12,Anyone's Legend,5,598,0,5
Survival Stage,7,26. 5. 22. AM 10:42,MIRAMAR,13,CTG,5,725,0,5
Survival Stage,7,26. 5. 22. AM 10:42,MIRAMAR,6,EA,2,418,2,4
Survival Stage,7,26. 5. 22. AM 10:42,MIRAMAR,8,S2G,3,916,1,4
Survival Stage,7,26. 5. 22. AM 10:42,MIRAMAR,15,Full Sense,4,396,0,4
Survival Stage,7,26. 5. 22. AM 10:42,MIRAMAR,9,JD Gaming,2,489,0,2
Survival Stage,7,26. 5. 22. AM 10:42,MIRAMAR,10,T5,2,857,0,2
Survival Stage,7,26. 5. 22. AM 10:42,MIRAMAR,14,4AM,1,120,0,1
Survival Stage,7,26. 5. 22. AM 10:42,MIRAMAR,16,TL,0,348,0,0
Survival Stage,8,26. 5. 22. AM 11:27,TAEGO,1,NAVI,12,1714,10,22
Survival Stage,8,26. 5. 22. AM 11:27,TAEGO,2,TL,13,1812,6,19
Survival Stage,8,26. 5. 22. AM 11:27,TAEGO,4,Team Vitality,5,1069,4,9
Survival Stage,8,26. 5. 22. AM 11:27,TAEGO,3,T1,2,728,5,7
Survival Stage,8,26. 5. 22. AM 11:27,TAEGO,6,T5,5,747,2,7
Survival Stage,8,26. 5. 22. AM 11:27,TAEGO,8,GEN,6,1226,1,7
Survival Stage,8,26. 5. 22. AM 11:27,TAEGO,5,4AM,3,575,3,6
Survival Stage,8,26. 5. 22. AM 11:27,TAEGO,7,CTG,5,860,1,6
Survival Stage,8,26. 5. 22. AM 11:27,TAEGO,11,Made in Thailand,4,1054,0,4
Survival Stage,8,26. 5. 22. AM 11:27,TAEGO,13,JD Gaming,2,238,0,2
Survival Stage,8,26. 5. 22. AM 11:27,TAEGO,10,FCE,1,689,0,1
Survival Stage,8,26. 5. 22. AM 11:27,TAEGO,12,Anyone's Legend,1,322,0,1
Survival Stage,8,26. 5. 22. AM 11:27,TAEGO,14,Full Sense,1,304,0,1
Survival Stage,8,26. 5. 22. AM 11:27,TAEGO,9,17 Gaming,0,596,0,0
Survival Stage,8,26. 5. 22. AM 11:27,TAEGO,15,EA,0,215,0,0
Survival Stage,8,26. 5. 22. AM 11:27,TAEGO,16,S2G,0,207,0,0
Survival Stage,9,26. 5. 22. PM 12:06,RONDO,1,T1,9,1923,10,19
Survival Stage,9,26. 5. 22. PM 12:06,RONDO,2,4AM,9,1450,6,15
Survival Stage,9,26. 5. 22. PM 12:06,RONDO,3,Full Sense,4,1114,5,9
Survival Stage,9,26. 5. 22. PM 12:06,RONDO,4,Anyone's Legend,5,1141,4,9
Survival Stage,9,26. 5. 22. PM 12:06,RONDO,6,Made in Thailand,6,1067,2,8
Survival Stage,9,26. 5. 22. PM 12:06,RONDO,7,FCE,5,784,1,6
Survival Stage,9,26. 5. 22. PM 12:06,RONDO,9,S2G,5,916,0,5
Survival Stage,9,26. 5. 22. PM 12:06,RONDO,11,GEN,5,662,0,5
Survival Stage,9,26. 5. 22. PM 12:06,RONDO,12,CTG,5,756,0,5
Survival Stage,9,26. 5. 22. PM 12:06,RONDO,13,NAVI,4,803,0,4
Survival Stage,9,26. 5. 22. PM 12:06,RONDO,5,17 Gaming,0,1025,3,3
Survival Stage,9,26. 5. 22. PM 12:06,RONDO,8,T5,0,757,1,1
Survival Stage,9,26. 5. 22. PM 12:06,RONDO,10,Team Vitality,0,343,0,0
Survival Stage,9,26. 5. 22. PM 12:06,RONDO,14,JD Gaming,0,267,0,0
Survival Stage,9,26. 5. 22. PM 12:06,RONDO,15,EA,0,92,0,0
Survival Stage,9,26. 5. 22. PM 12:06,RONDO,16,TL,0,189,0,0
Survival Stage,10,26. 5. 22. PM 12:50,ERANGEL,1,Anyone's Legend,15,2179,10,25
Survival Stage,10,26. 5. 22. PM 12:50,ERANGEL,5,FCE,10,957,3,13
Survival Stage,10,26. 5. 22. PM 12:50,ERANGEL,3,Made in Thailand,7,1018,5,12
Survival Stage,10,26. 5. 22. PM 12:50,ERANGEL,4,GEN,6,1480,4,10
Survival Stage,10,26. 5. 22. PM 12:50,ERANGEL,2,CTG,2,835,6,8
Survival Stage,10,26. 5. 22. PM 12:50,ERANGEL,6,TL,4,993,2,6
Survival Stage,10,26. 5. 22. PM 12:50,ERANGEL,10,NAVI,5,626,0,5
Survival Stage,10,26. 5. 22. PM 12:50,ERANGEL,16,4AM,3,393,0,3
Survival Stage,10,26. 5. 22. PM 12:50,ERANGEL,8,EA,1,295,1,2
Survival Stage,10,26. 5. 22. PM 12:50,ERANGEL,11,T5,2,377,0,2
Survival Stage,10,26. 5. 22. PM 12:50,ERANGEL,12,Team Vitality,2,526,0,2
Survival Stage,10,26. 5. 22. PM 12:50,ERANGEL,15,T1,2,257,0,2
Survival Stage,10,26. 5. 22. PM 12:50,ERANGEL,7,S2G,0,389,1,1
Survival Stage,10,26. 5. 22. PM 12:50,ERANGEL,9,JD Gaming,1,223,0,1
Survival Stage,10,26. 5. 22. PM 12:50,ERANGEL,13,Full Sense,1,473,0,1
Survival Stage,10,26. 5. 22. PM 12:50,ERANGEL,14,17 Gaming,0,196,0,0